{ "data" : [
   {
      "head":{
         "start":{
            "x":0,
            "y":0,
            "z":0
         },
         "end":{
            "x":0,
            "y":0,
            "z":0
         }
      },
      "left_bone_0":{
         "start":{
            "x":0,
            "y":-0.135,
            "z":0
         },
         "end":{
            "x":0,
            "y":-0.135,
            "z":0
         }
      },
      "left_bone_1":{
         "start":{
            "x":-0.11766968108291041,
            "y":-0.135,
            "z":-0.023533936216582084
         },
         "end":{
            "x":-0.11766968108291041,
            "y":-0.135,
            "z":-0.023533936216582084
         }
      },
      "left_bone_2":{
         "start":{
            "x":-0.35228902611427376,
            "y":-0.15510312854238775,
            "z":-0.06989800808114091
         },
         "end":{
            "x":-0.35228902611427376,
            "y":-0.15510312854238775,
            "z":-0.06989800808114091
         }
      },
      "left_bone_3":{
         "start":{
            "x":-0.5869083711722077,
            "y":-0.17520625682528237,
            "z":-0.11626207992377374
         },
         "end":{
            "x":-0.5869083711722077,
            "y":-0.17520625682528237,
            "z":-0.11626207992377374
         }
      }
   },
   {
      "head":{
         "start":{
            "x":0,
            "y":0,
            "z":0
         },
         "end":{
            "x":0,
            "y":0,
            "z":0
         }
      },
      "left_bone_0":{
         "start":{
            "x":0,
            "y":-0.135,
            "z":0
         },
         "end":{
            "x":0,
            "y":-0.135,
            "z":0
         }
      },
      "left_bone_1":{
         "start":{
            "x":-0.11766968108291041,
            "y":-0.135,
            "z":-0.023533936216582084
         },
         "end":{
            "x":-0.11766968108291041,
            "y":-0.135,
            "z":-0.023533936216582084
         }
      },
      "left_bone_2":{
         "start":{
            "x":-0.18560148590691822,
            "y":0.09468426352665821,
            "z":-0.03871316483892112
         },
         "end":{
            "x":-0.18560148590691822,
            "y":0.09468426352665821,
            "z":-0.03871316483892112
         }
      },
      "left_bone_3":{
         "start":{
            "x":-0.25279188087132476,
            "y":0.32441238202400824,
            "z":-0.056332540429339314
         },
         "end":{
            "x":-0.25279188087132476,
            "y":0.32441238202400824,
            "z":-0.056332540429339314
         }
      }
   },
   {
      "head":{
         "start":{
            "x":0,
            "y":0,
            "z":0
         },
         "end":{
            "x":0,
            "y":0,
            "z":0
         }
      },
      "left_bone_0":{
         "start":{
            "x":0,
            "y":-0.135,
            "z":0
         },
         "end":{
            "x":0,
            "y":-0.135,
            "z":0
         }
      },
      "left_bone_1":{
         "start":{
            "x":-0.11766968108291041,
            "y":-0.135,
            "z":-0.023533936216582084
         },
         "end":{
            "x":-0.11766968108291041,
            "y":-0.135,
            "z":-0.023533936216582084
         }
      },
      "left_bone_2":{
         "start":{
            "x":-0.13795488962007144,
            "y":-0.36973196450593016,
            "z":-0.06924405712859136
         },
         "end":{
            "x":-0.13795488962007144,
            "y":-0.36973196450593016,
            "z":-0.06924405712859136
         }
      },
      "left_bone_3":{
         "start":{
            "x":-0.15824009815933265,
            "y":-0.6044639290155998,
            "z":-0.11495417802048986
         },
         "end":{
            "x":-0.15824009815933265,
            "y":-0.6044639290155998,
            "z":-0.11495417802048986
         }
      }
   }
] }
